timestamp,hum_air,temperature,lumiere
2026-04-22 22:44:59,26.0,30.8,1023
2026-04-22 22:45:01,26.0,30.8,1023
2026-04-22 22:45:03,26.0,30.8,1023
2026-04-22 22:45:05,26.0,30.8,1023
2026-04-22 22:45:08,26.0,30.8,1023
2026-04-22 22:45:10,26.0,30.8,1023
2026-04-22 22:45:12,26.0,30.8,1023
2026-04-23 17:22:26,17.0,34.0,526
2026-04-23 17:22:28,17.0,34.0,529
2026-04-23 17:22:30,17.0,34.0,546
2026-04-23 17:22:32,17.0,34.0,531
2026-04-23 17:22:34,17.0,34.1,547
2026-04-23 17:22:36,17.0,34.1,534
2026-04-23 17:22:38,17.0,34.1,540
2026-04-23 17:22:40,17.0,34.1,547
2026-04-23 17:22:42,17.0,34.1,533
2026-04-23 17:22:44,17.0,34.1,476
2026-04-23 17:22:46,17.0,34.1,481
2026-04-23 17:22:48,17.0,34.1,517
2026-04-23 17:22:50,18.0,34.1,538
2026-04-23 17:22:52,19.0,34.0,532
2026-04-23 17:22:54,20.0,34.0,525
2026-04-23 17:22:56,21.0,34.0,525
2026-04-23 17:22:58,21.0,34.0,533
2026-04-23 17:23:00,20.0,34.0,533
2026-04-23 17:23:02,20.0,33.9,520
2026-04-23 17:23:04,19.0,33.9,530
2026-04-23 17:23:06,19.0,33.9,552
2026-04-23 17:23:08,19.0,33.9,537
2026-04-23 17:23:10,19.0,33.9,534
2026-04-23 17:23:12,19.0,33.9,537
2026-04-23 17:23:14,19.0,33.9,509
2026-04-23 17:23:16,19.0,33.9,538
2026-04-23 17:23:18,18.0,33.9,545
2026-04-23 17:23:20,18.0,33.9,516
2026-04-23 17:23:22,18.0,33.9,534
2026-04-23 17:23:24,18.0,33.9,544
2026-04-23 17:23:26,18.0,34.0,530
2026-04-23 17:23:28,17.0,34.0,545
2026-04-23 17:23:31,17.0,34.0,530
2026-04-23 17:23:33,17.0,34.0,548
2026-04-23 17:23:35,17.0,34.0,528
2026-04-23 17:23:37,17.0,34.0,546
2026-04-23 17:23:39,17.0,34.0,541
2026-04-23 17:23:41,17.0,34.0,536
2026-04-23 17:23:43,17.0,34.0,545
2026-04-23 17:23:45,17.0,34.0,547
2026-04-23 17:23:47,17.0,34.0,533
2026-04-23 17:23:49,17.0,34.0,530
2026-04-23 17:23:51,17.0,34.0,539
2026-04-23 17:23:53,17.0,34.0,539
2026-04-23 17:23:55,17.0,34.0,539
2026-04-23 17:23:57,17.0,34.0,534
2026-04-23 17:23:59,17.0,34.0,542
2026-04-23 17:24:01,17.0,34.0,548
2026-04-23 17:24:03,17.0,34.0,534
2026-04-23 17:24:05,17.0,34.0,547
2026-04-23 17:24:07,17.0,34.0,545
2026-04-23 17:24:09,17.0,34.0,538
2026-04-23 17:24:11,17.0,34.1,547
2026-04-23 17:24:13,17.0,34.1,549
2026-04-23 17:24:15,17.0,34.1,547
2026-04-23 17:24:17,17.0,34.1,547
2026-04-23 17:24:19,17.0,34.1,546
2026-04-23 17:24:21,17.0,34.1,539
2026-04-23 17:24:23,17.0,34.1,531
2026-04-23 17:24:25,17.0,34.1,547
2026-04-23 17:24:27,16.0,34.1,531
2026-04-23 17:24:29,16.0,34.1,547
2026-04-23 17:24:31,16.0,34.1,539
2026-04-23 17:24:33,16.0,34.1,539
2026-04-23 17:24:36,16.0,34.1,549
2026-04-23 17:24:38,16.0,34.1,532
2026-04-23 17:24:40,16.0,34.1,538
2026-04-23 17:24:42,16.0,34.1,547
2026-04-23 17:24:44,16.0,34.1,543
2026-04-23 17:24:46,16.0,34.1,519
2026-04-23 17:24:48,16.0,34.1,519
2026-04-23 17:24:50,16.0,34.1,523
2026-04-23 17:24:52,16.0,34.1,523
2026-04-23 17:24:54,16.0,34.1,527
2026-04-23 17:24:56,16.0,34.1,533
2026-04-23 17:24:58,16.0,34.1,538
2026-04-23 17:25:00,16.0,34.1,540
2026-04-23 17:25:02,16.0,34.1,532
2026-04-23 17:25:04,16.0,34.1,537
2026-04-23 17:25:06,16.0,34.1,535
2026-04-23 17:25:08,17.0,34.1,536
2026-04-23 17:25:10,17.0,34.1,541
2026-04-23 17:25:12,17.0,34.1,522
2026-04-23 17:25:14,17.0,34.1,532
2026-04-23 17:25:16,17.0,34.1,539
2026-04-23 17:25:18,17.0,34.1,525
2026-04-23 17:25:20,17.0,34.1,539
2026-04-23 17:25:22,16.0,34.1,544
2026-04-23 17:25:24,16.0,34.1,523
2026-04-23 17:25:26,16.0,34.1,521
2026-04-23 17:25:28,16.0,34.1,532
2026-04-23 17:25:30,16.0,34.1,541
2026-04-23 17:25:32,16.0,34.1,544
2026-04-23 17:25:34,16.0,34.1,536
2026-04-23 17:25:36,16.0,34.1,537
2026-04-23 17:25:38,16.0,34.1,537
2026-04-23 17:25:41,16.0,34.1,535
2026-04-23 17:25:43,16.0,34.1,539
2026-04-23 17:25:45,16.0,34.1,538
2026-04-23 17:25:47,16.0,34.1,547
2026-04-23 17:25:49,16.0,34.1,551
2026-04-23 17:25:51,16.0,34.1,551
2026-04-23 17:25:53,16.0,34.1,545
2026-04-23 17:25:55,16.0,34.1,545
2026-04-23 17:25:57,16.0,34.1,536
2026-04-23 17:25:59,16.0,34.1,533
2026-04-23 17:26:01,16.0,34.1,547
2026-04-23 17:26:03,16.0,34.1,532
2026-04-23 17:26:05,17.0,34.1,546
2026-04-23 17:26:07,17.0,34.1,531
2026-04-23 17:26:09,17.0,34.1,545
2026-04-23 17:26:11,17.0,34.1,550
2026-04-23 17:26:13,17.0,34.1,546
2026-04-23 17:26:15,17.0,34.1,549
2026-04-23 17:26:17,17.0,34.1,542
2026-04-23 17:26:19,17.0,34.1,536
2026-04-23 17:26:21,17.0,34.1,529
2026-04-23 17:26:23,17.0,34.1,524
2026-04-23 17:26:25,17.0,34.0,505
2026-04-23 17:26:27,17.0,34.0,522
2026-04-23 17:26:29,18.0,34.0,523
2026-04-23 17:26:31,18.0,34.0,455
2026-04-23 17:26:33,18.0,34.0,538
2026-04-23 17:26:35,18.0,34.0,533
2026-04-23 17:26:37,19.0,34.0,527
2026-04-23 17:26:39,19.0,33.9,545
2026-04-23 17:26:41,19.0,33.9,537
2026-04-23 17:26:43,19.0,33.9,540
2026-04-23 17:26:46,18.0,33.9,554
2026-04-23 17:26:48,18.0,33.9,540
2026-04-23 17:26:50,18.0,33.9,555
2026-04-23 17:26:52,18.0,33.9,548
2026-04-23 17:26:54,17.0,33.9,540
2026-04-23 17:26:56,17.0,33.9,549
2026-04-23 17:26:58,17.0,33.9,554
2026-04-23 17:27:00,17.0,33.9,550
2026-04-23 17:27:02,17.0,33.9,536
2026-04-23 17:27:04,17.0,33.9,544
2026-04-23 17:27:06,17.0,33.9,551
2026-04-23 17:27:08,17.0,33.9,539
2026-04-23 17:27:10,17.0,33.9,552
2026-04-23 17:27:12,17.0,33.9,539
2026-04-23 17:27:14,16.0,33.9,552
2026-04-23 17:27:16,16.0,34.0,532
2026-04-23 17:27:18,16.0,34.0,545
2026-04-23 17:27:20,16.0,34.0,530
2026-04-23 17:27:22,16.0,34.0,535
2026-04-23 17:27:24,16.0,34.0,542
2026-04-23 17:27:26,16.0,34.1,530
2026-04-23 17:27:28,16.0,34.1,513
2026-04-23 17:27:30,16.0,34.1,543
2026-04-23 17:27:32,17.0,34.1,539
2026-04-23 17:27:34,17.0,34.1,530
2026-04-23 17:27:36,17.0,34.1,533
2026-04-23 17:27:38,17.0,34.1,539
2026-04-23 17:27:40,17.0,34.1,524
2026-04-23 17:27:42,17.0,34.1,535
2026-04-23 17:27:44,17.0,34.1,536
2026-04-23 17:27:46,17.0,34.1,538
2026-04-23 17:27:48,16.0,34.1,549
2026-04-23 17:27:51,16.0,34.1,529
2026-04-23 17:27:53,16.0,34.1,546
2026-04-23 17:27:55,16.0,34.1,546
2026-04-23 17:27:57,16.0,34.1,545
2026-04-23 17:27:59,16.0,34.1,544
2026-04-23 17:28:01,16.0,34.1,537
2026-04-23 17:28:03,16.0,34.1,538
2026-04-23 17:28:05,16.0,34.1,539
2026-04-23 17:28:07,16.0,34.1,552
2026-04-23 17:28:09,16.0,34.1,548
2026-04-23 17:28:11,16.0,34.1,534
2026-04-23 17:28:13,16.0,34.1,538
2026-04-23 17:28:15,16.0,34.1,542
2026-04-23 17:28:17,16.0,34.1,532
2026-04-23 17:28:19,16.0,34.1,525
2026-04-23 17:28:21,16.0,34.1,537
2026-04-23 17:28:23,16.0,34.1,538
2026-04-23 17:28:25,16.0,34.1,532
2026-04-23 17:28:27,16.0,34.1,526
2026-04-23 17:28:29,16.0,34.1,525
2026-04-23 17:28:31,16.0,34.1,528
2026-04-23 17:28:33,16.0,34.1,535
2026-04-23 17:28:35,16.0,34.2,538
2026-04-23 17:29:09,16.0,34.2,531
2026-04-23 17:29:10,16.0,34.2,534
2026-04-23 17:29:10,16.0,34.2,555
2026-04-23 17:29:10,16.0,34.2,560
2026-04-23 17:29:10,16.0,34.2,566
2026-04-23 17:29:11,16.0,34.2,566
2026-04-23 17:29:11,16.0,34.2,563
2026-04-23 17:29:11,16.0,34.2,556
2026-04-23 17:29:11,16.0,34.2,553
2026-04-23 17:29:11,16.0,34.3,566
2026-04-23 17:29:12,16.0,34.3,554
2026-04-23 17:29:12,16.0,34.3,564
2026-04-23 17:29:12,16.0,34.3,556
2026-04-23 17:29:12,16.0,34.3,551
2026-04-23 17:29:12,16.0,34.3,567
2026-04-23 17:29:13,16.0,34.3,557
2026-04-23 17:29:13,16.0,34.3,543
2026-04-23 17:29:13,16.0,34.3,540
2026-04-23 17:29:14,16.0,34.3,568
2026-04-23 17:29:16,16.0,34.3,563
2026-04-23 17:29:18,16.0,34.3,557
2026-04-23 17:29:20,16.0,34.3,554
2026-04-23 17:29:22,16.0,34.3,555
2026-04-23 17:29:24,16.0,34.3,552
2026-04-23 17:29:26,16.0,34.3,551
2026-04-23 17:29:28,16.0,34.3,550
2026-04-23 17:29:30,16.0,34.3,552
2026-04-23 17:29:32,16.0,34.3,559
2026-04-23 17:29:34,16.0,34.3,565
2026-04-23 17:29:36,16.0,34.3,566
2026-04-23 17:29:38,16.0,34.3,549
2026-04-23 17:29:40,16.0,34.3,556
2026-04-23 17:29:42,16.0,34.3,564
2026-04-23 17:29:44,16.0,34.3,557
2026-04-23 17:29:46,16.0,34.3,545
2026-04-23 17:29:48,16.0,34.3,552
2026-04-23 17:29:50,16.0,34.3,559
2026-04-23 17:29:52,16.0,34.3,561
2026-04-23 17:29:54,16.0,34.4,560
2026-04-23 17:29:56,16.0,34.4,559
2026-04-23 17:29:58,16.0,34.4,553
2026-04-23 17:30:01,16.0,34.4,546
2026-04-23 17:30:03,16.0,34.4,544
2026-04-23 17:30:05,16.0,34.4,543
2026-04-23 17:30:07,16.0,34.4,541
2026-04-23 17:30:09,16.0,34.4,542
2026-04-23 17:30:11,16.0,34.4,542
2026-04-23 17:30:13,16.0,34.4,545
2026-04-23 17:30:15,16.0,34.4,561
2026-04-23 17:30:17,16.0,34.4,558
2026-04-23 17:30:19,16.0,34.4,544
2026-04-23 17:30:21,16.0,34.4,560
2026-04-23 17:30:23,16.0,34.4,563
2026-04-23 17:30:25,16.0,34.4,550
2026-04-23 17:30:27,16.0,34.4,561
2026-04-23 17:30:29,16.0,34.4,567
2026-04-23 17:30:31,16.0,34.4,556
2026-04-23 17:30:33,16.0,34.4,549
2026-04-23 17:30:35,16.0,34.4,565
2026-04-23 17:30:37,16.0,34.4,561
2026-04-23 17:30:39,16.0,34.4,548
2026-04-23 17:30:41,16.0,34.4,555
2026-04-23 17:30:43,16.0,34.4,563
2026-04-23 17:30:45,16.0,34.4,565
2026-04-23 17:30:47,16.0,34.4,563
2026-04-23 17:30:49,16.0,34.5,554
2026-04-23 17:30:51,16.0,34.5,552
2026-04-23 17:30:53,16.0,34.5,565
2026-04-23 17:30:55,16.0,34.5,551
2026-04-23 17:30:57,16.0,34.4,566
2026-04-23 17:30:59,16.0,34.4,555
2026-04-23 17:31:01,16.0,34.4,550
2026-04-23 17:31:03,16.0,34.4,558
2026-04-23 17:31:06,16.0,34.4,563
2026-04-23 17:31:08,16.0,34.4,565
2026-04-23 17:31:10,16.0,34.4,565
2026-04-23 17:31:12,16.0,34.4,564
2026-04-23 17:31:14,16.0,34.4,562
2026-04-23 17:31:16,16.0,34.4,556
2026-04-23 17:31:18,16.0,34.4,551
2026-04-23 17:31:20,16.0,34.4,553
2026-04-23 17:31:22,16.0,34.4,562
2026-04-23 17:31:24,16.0,34.4,566
2026-04-23 17:31:26,16.0,34.5,566
2026-04-23 17:31:28,16.0,34.5,560
2026-04-23 17:31:30,16.0,34.5,545
2026-04-23 17:31:32,16.0,34.5,553
2026-04-23 17:31:34,16.0,34.5,564
2026-04-23 17:31:36,16.0,34.5,552
2026-04-23 17:31:38,16.0,34.4,554
2026-04-23 17:31:40,16.0,34.5,563
2026-04-23 17:31:42,16.0,34.5,563
2026-04-23 17:31:44,16.0,34.5,548
2026-04-23 17:31:46,16.0,34.4,546
2026-04-23 17:31:48,16.0,34.4,554
2026-04-23 17:31:50,16.0,34.4,562
2026-04-23 17:31:52,16.0,34.4,561
2026-04-23 17:31:54,16.0,34.5,558
2026-04-23 17:31:56,16.0,34.5,529
2026-04-23 17:31:58,16.0,34.5,516
2026-04-23 17:32:00,16.0,34.5,468
2026-04-23 17:32:02,16.0,34.5,543
2026-04-23 17:32:04,16.0,34.5,535
2026-04-23 17:32:06,16.0,34.5,489
2026-04-23 17:32:08,16.0,34.5,542
2026-04-23 17:32:11,16.0,34.5,518
2026-04-23 17:32:13,16.0,34.5,541
2026-04-23 17:32:15,16.0,34.5,529
2026-04-23 17:32:17,16.0,34.5,550
2026-04-23 17:32:19,16.0,34.5,535
2026-04-23 17:32:21,16.0,34.5,541
2026-04-23 17:32:23,16.0,34.5,546
2026-04-23 17:32:25,16.0,34.5,551
2026-04-23 17:32:27,16.0,34.5,547
2026-04-23 17:32:29,16.0,34.5,496
2026-04-23 17:32:31,16.0,34.5,543
2026-04-23 17:32:33,16.0,34.5,559
2026-04-23 17:32:35,16.0,34.5,545
2026-04-23 17:32:37,16.0,34.5,549
2026-04-23 17:32:39,16.0,34.5,558
2026-04-23 17:32:41,16.0,34.5,545
2026-04-23 17:32:43,16.0,34.5,545
2026-04-23 17:32:45,16.0,34.5,554
2026-04-23 17:32:47,16.0,34.5,557
2026-04-23 17:32:49,16.0,34.5,530
2026-04-23 17:32:51,16.0,34.5,532
2026-04-23 17:32:53,16.0,34.5,535
2026-04-23 17:32:55,16.0,34.5,531
2026-04-23 17:32:57,16.0,34.5,529
2026-04-23 17:32:59,16.0,34.5,533
2026-04-23 17:33:01,16.0,34.5,540
2026-04-23 17:33:03,16.0,34.5,546
2026-04-23 17:33:05,16.0,34.5,535
2026-04-23 17:33:07,16.0,34.5,548
2026-04-23 17:33:09,16.0,34.5,533
2026-04-23 17:33:11,16.0,34.5,545
2026-04-23 17:33:13,16.0,34.5,537
2026-04-23 17:33:16,16.0,34.5,530
2026-04-23 17:33:18,16.0,34.5,537
2026-04-23 17:33:20,16.0,34.5,542
2026-04-23 17:33:22,15.0,34.5,541
2026-04-23 17:33:24,15.0,34.6,518
2026-04-23 17:33:26,15.0,34.6,523
2026-04-23 17:33:28,15.0,34.6,533
2026-04-23 17:33:30,15.0,34.6,520
2026-04-23 17:33:32,15.0,34.6,532
2026-04-23 17:33:34,15.0,34.6,520
2026-04-23 17:33:36,15.0,34.6,529
2026-04-23 17:33:38,15.0,34.6,520
2026-04-23 17:33:40,15.0,34.6,525
2026-04-23 17:33:42,15.0,34.6,523
2026-04-23 17:33:44,15.0,34.6,525
2026-04-23 17:33:46,15.0,34.6,524
2026-04-23 17:33:48,15.0,34.6,523
2026-04-23 17:33:50,15.0,34.6,528
2026-04-23 17:33:52,15.0,34.6,519
2026-04-23 17:33:54,15.0,34.6,530
2026-04-23 17:33:56,15.0,34.6,521
2026-04-23 17:33:58,15.0,34.6,519
2026-04-23 17:34:00,15.0,34.6,528
2026-04-23 17:34:02,15.0,34.6,523
2026-04-23 17:34:04,15.0,34.6,514
2026-04-23 17:34:06,15.0,34.6,516
2026-04-23 17:34:08,15.0,34.6,520
2026-04-23 17:34:10,15.0,34.6,522
2026-04-23 17:34:12,15.0,34.6,522
2026-04-23 17:34:14,15.0,34.6,520
2026-04-23 17:34:16,15.0,34.6,517
2026-04-23 17:34:18,15.0,34.6,513
2026-04-23 17:34:21,15.0,34.6,514
2026-04-23 17:34:23,15.0,34.6,518
2026-04-23 17:34:25,15.0,34.6,522
2026-04-23 17:34:27,15.0,34.6,524
2026-04-23 17:34:29,15.0,34.6,525
2026-04-23 17:34:31,15.0,34.6,524
2026-04-23 17:34:33,16.0,34.6,515
2026-04-23 17:34:35,16.0,34.6,523
2026-04-23 17:34:37,16.0,34.6,528
2026-04-23 17:34:39,16.0,34.6,515
2026-04-23 17:34:41,16.0,34.6,525
2026-04-23 17:34:43,16.0,34.6,526
2026-04-23 17:34:45,16.0,34.6,516
2026-04-23 17:34:47,16.0,34.6,512
2026-04-23 17:34:49,15.0,34.6,512
2026-04-23 17:34:51,15.0,34.6,517
2026-04-23 17:34:53,15.0,34.6,526
2026-04-23 17:34:55,15.0,34.6,517
2026-04-23 17:34:57,15.0,34.6,526
2026-04-23 17:34:59,15.0,34.6,519
2026-04-23 17:35:01,15.0,34.6,527
2026-04-23 17:35:03,15.0,34.6,514
2026-04-23 17:35:05,15.0,34.6,520
2026-04-23 17:35:07,15.0,34.6,525
2026-04-23 17:35:09,15.0,34.6,524
2026-04-23 17:35:11,15.0,34.6,522
2026-04-23 17:35:13,15.0,34.6,526
2026-04-23 17:35:15,15.0,34.6,523
2026-04-23 17:35:17,15.0,34.6,517
2026-04-23 17:35:19,15.0,34.6,520
2026-04-23 17:35:21,15.0,34.6,525
2026-04-23 17:35:23,15.0,34.6,513
2026-04-23 17:35:26,15.0,34.6,524
2026-04-23 17:35:28,15.0,34.6,516
2026-04-23 17:35:30,15.0,34.6,523
2026-04-23 17:35:32,15.0,34.6,517
2026-04-23 17:35:34,15.0,34.6,522
2026-04-23 17:35:36,15.0,34.6,522
2026-04-23 17:35:38,15.0,34.6,513
2026-04-23 17:35:40,15.0,34.6,526
2026-04-23 17:35:42,15.0,34.6,520
2026-04-23 17:35:44,15.0,34.6,514
2026-04-23 17:35:46,15.0,34.6,525
2026-04-23 17:35:48,15.0,34.6,520
2026-04-23 17:35:50,15.0,34.6,511
2026-04-23 17:35:52,15.0,34.6,518
2026-04-23 17:35:54,15.0,34.6,522
2026-04-23 17:35:56,15.0,34.6,522
2026-04-23 17:35:58,15.0,34.6,522
2026-04-23 17:36:00,15.0,34.6,522
2026-04-23 17:36:02,15.0,34.6,523
2026-04-23 17:36:04,15.0,34.6,523
2026-04-23 17:36:06,15.0,34.6,518
2026-04-23 17:36:08,15.0,34.6,510
2026-04-23 17:36:10,15.0,34.6,512
2026-04-23 17:36:12,15.0,34.6,507
2026-04-23 17:36:14,15.0,34.6,512
2026-04-23 17:36:16,15.0,34.6,506
2026-04-23 17:36:18,14.0,34.6,499
2026-04-23 17:36:20,14.0,34.6,498
2026-04-23 17:36:22,14.0,34.6,507
2026-04-23 17:36:24,14.0,34.6,512
2026-04-23 17:36:26,14.0,34.6,516
2026-04-23 17:36:29,14.0,34.6,519
2026-04-23 17:36:31,14.0,34.6,519
2026-04-23 17:36:33,14.0,34.6,520
2026-04-23 17:36:35,14.0,34.6,518
2026-04-23 17:36:37,14.0,34.6,517
2026-04-23 17:36:39,14.0,34.6,516
2026-04-23 17:36:41,14.0,34.6,515
2026-04-23 17:36:43,14.0,34.6,511
2026-04-23 17:36:45,14.0,34.6,508
2026-04-23 17:36:47,14.0,34.6,511
2026-04-23 17:36:49,14.0,34.6,520
2026-04-23 17:36:51,14.0,34.6,507
2026-04-23 17:36:53,14.0,34.6,510
2026-04-23 17:36:55,15.0,34.6,515
2026-04-23 17:36:57,15.0,34.6,503
2026-04-23 17:36:59,15.0,34.6,514
2026-04-23 17:37:01,15.0,34.6,514
2026-04-23 17:37:03,15.0,34.6,507
2026-04-23 17:37:05,15.0,34.6,504
2026-04-23 17:37:07,15.0,34.6,512
2026-04-23 17:37:09,14.0,34.6,517
2026-04-23 17:37:11,14.0,34.6,517
2026-04-23 17:37:13,14.0,34.6,514
2026-04-23 17:37:15,14.0,34.6,512
2026-04-23 17:37:17,15.0,34.6,510
2026-04-23 17:37:19,15.0,34.6,514
2026-04-23 17:37:21,15.0,34.6,515
2026-04-23 17:37:23,15.0,34.6,515
2026-04-23 17:37:25,15.0,34.6,514
2026-04-23 17:37:27,15.0,34.6,509
2026-04-23 17:37:29,15.0,34.6,505
2026-04-23 17:37:31,15.0,34.6,503
2026-04-23 17:37:34,15.0,34.6,514
2026-04-23 17:37:36,15.0,34.6,502
2026-04-23 17:37:38,15.0,34.6,514
2026-04-23 17:37:40,15.0,34.6,506
2026-04-23 17:37:42,15.0,34.6,501
2026-04-23 17:37:44,15.0,34.6,513
2026-04-23 17:37:46,15.0,34.6,499
2026-04-23 17:37:48,15.0,34.6,504
2026-04-23 17:37:50,15.0,34.6,510
2026-04-23 17:37:52,15.0,34.6,513
2026-04-23 17:37:54,15.0,34.6,502
2026-04-23 17:37:56,15.0,34.6,503
2026-04-23 17:37:58,15.0,34.6,502
2026-04-23 17:38:00,15.0,34.6,499
2026-04-23 17:38:02,15.0,34.6,494
2026-04-23 17:38:04,15.0,34.6,493
2026-04-23 17:38:06,15.0,34.6,487
2026-04-23 17:38:08,15.0,34.6,493
2026-04-23 17:38:10,15.0,34.6,495
2026-04-23 17:38:12,15.0,34.6,501
2026-04-23 17:38:14,14.0,34.6,506
2026-04-23 17:38:16,14.0,34.6,509
2026-04-23 17:38:18,14.0,34.6,508
2026-04-23 17:38:20,14.0,34.6,506
2026-04-23 17:38:22,14.0,34.6,510
2026-04-23 17:38:24,14.0,34.6,504
2026-04-23 17:38:26,14.0,34.6,502
2026-04-23 17:38:28,14.0,34.6,498
2026-04-23 17:38:32,14.0,34.6,471
2026-04-23 17:38:34,14.0,34.6,476
